{"sigma": 3.7463380203846195, "epsilon": 0.006456897564558988}